<?xml version = '1.0' encoding = 'UTF-8'?>
<Relation class="oracle.dbtools.crest.model.design.logical.Relation" name="Relation_4" directorySegmentName="seg_0" id="0CDE4277-72D5-1B67-13F1-1D95A75B990F">
<createdBy>86195</createdBy>
<createdTime>2022-04-05 11:03:19 UTC</createdTime>
<ownerDesignName>cust_orders</ownerDesignName>
<engineerTo>
<item key="B3A254AB-DD55-C78F-3978-F8BEA07AC373" value="true"/>
</engineerTo>
<sourcePk>3426745A-04B3-B64A-711F-2CC3DCC0CC28</sourcePk>
<identifying>false</identifying>
<nameOnSource>places</nameOnSource>
<nameOnTarget> </nameOnTarget>
<optionalSource>true</optionalSource>
<optionalTarget>false</optionalTarget>
<sourceCardinality>1</sourceCardinality>
<sourceEntity>D0C5058B-0B61-13BA-9340-DD5563EC4924</sourceEntity>
<targetCardinalityString>*</targetCardinalityString>
<targetEntity>E342768E-8BC5-DB16-9D68-4C8D6AB357B1</targetEntity>
<transferable>true</transferable>
<deleteRule>NO ACTION</deleteRule>
</Relation>
