<?xml version = '1.0' encoding = 'UTF-8'?>
<Relation class="oracle.dbtools.crest.model.design.logical.Relation" name="Relation_18" directorySegmentName="seg_0" id="0E793593-4DD8-5F26-C8B7-FBE8881A9600">
<createdBy>86195</createdBy>
<createdTime>2022-04-05 11:25:38 UTC</createdTime>
<ownerDesignName>cust_orders</ownerDesignName>
<engineerTo>
<item key="B3A254AB-DD55-C78F-3978-F8BEA07AC373" value="true"/>
</engineerTo>
<sourcePk>8A36B72C-91F0-2C65-533D-C7C7D5E8A745</sourcePk>
<identifying>false</identifying>
<nameOnSource>appears_on</nameOnSource>
<nameOnTarget> </nameOnTarget>
<optionalSource>true</optionalSource>
<optionalTarget>false</optionalTarget>
<sourceCardinality>1</sourceCardinality>
<sourceEntity>6496B89F-500B-9AF5-C331-3DE94FBB151A</sourceEntity>
<targetCardinalityString>*</targetCardinalityString>
<targetEntity>60694C61-F482-6F6C-DEC4-869F1471E744</targetEntity>
<transferable>true</transferable>
<deleteRule>NO ACTION</deleteRule>
</Relation>
