<?xml version = '1.0' encoding = 'UTF-8'?>
<Relation class="oracle.dbtools.crest.model.design.logical.Relation" name="Relation_9" directorySegmentName="seg_0" id="350871E8-CE90-D3DC-4C2F-89FD19226F40">
<createdBy>86195</createdBy>
<createdTime>2022-04-05 11:16:43 UTC</createdTime>
<ownerDesignName>cust_orders</ownerDesignName>
<engineerTo>
<item key="B3A254AB-DD55-C78F-3978-F8BEA07AC373" value="true"/>
</engineerTo>
<sourcePk>9186561F-BB99-40A9-8DCB-3A8944EC5A38</sourcePk>
<identifying>false</identifying>
<nameOnSource>categorises</nameOnSource>
<nameOnTarget> </nameOnTarget>
<optionalSource>false</optionalSource>
<optionalTarget>false</optionalTarget>
<sourceCardinality>1</sourceCardinality>
<sourceEntity>76EE4A69-FC3F-CD25-7977-F62ADDB769EB</sourceEntity>
<targetCardinalityString>*</targetCardinalityString>
<targetEntity>6496B89F-500B-9AF5-C331-3DE94FBB151A</targetEntity>
<transferable>true</transferable>
<deleteRule>NO ACTION</deleteRule>
</Relation>
