<?xml version = '1.0' encoding = 'UTF-8'?>
<Relation class="oracle.dbtools.crest.model.design.logical.Relation" name="Relation_11" directorySegmentName="seg_0" id="3F15EEC7-2684-3C9C-8E8B-2211C1C59D5B">
<createdBy>86195</createdBy>
<createdTime>2022-04-05 11:20:41 UTC</createdTime>
<ownerDesignName>cust_orders</ownerDesignName>
<engineerTo>
<item key="B3A254AB-DD55-C78F-3978-F8BEA07AC373" value="true"/>
</engineerTo>
<sourcePk>EBE62308-AB3E-34EB-FDF6-BE229307A4CD</sourcePk>
<identifying>false</identifying>
<nameOnSource>contains</nameOnSource>
<nameOnTarget> </nameOnTarget>
<optionalSource>false</optionalSource>
<optionalTarget>false</optionalTarget>
<sourceCardinality>1</sourceCardinality>
<sourceEntity>E342768E-8BC5-DB16-9D68-4C8D6AB357B1</sourceEntity>
<targetCardinalityString>*</targetCardinalityString>
<targetEntity>60694C61-F482-6F6C-DEC4-869F1471E744</targetEntity>
<transferable>true</transferable>
<deleteRule>NO ACTION</deleteRule>
</Relation>
