<?xml version = '1.0' encoding = 'UTF-8'?>
<Entity class="oracle.dbtools.crest.model.design.logical.Entity" directorySegmentName="seg_0" id="60694C61-F482-6F6C-DEC4-869F1471E744" name="ORDERLINE">
<createdBy>86195</createdBy>
<createdTime>2022-04-05 10:49:34 UTC</createdTime>
<ownerDesignName>cust_orders</ownerDesignName>
<engineerTo>
<item key="B3A254AB-DD55-C78F-3978-F8BEA07AC373" value="true"/>
</engineerTo>
<adequatelyNormalized>NO</adequatelyNormalized>
<expectedVolumes>0</expectedVolumes>
<fwdEngineeringStrategyName>Single Table</fwdEngineeringStrategyName>
<growthPercent>0</growthPercent>
<growthType>Year</growthType>
<maxVolumes>9999999</maxVolumes>
<minVolumes>0</minVolumes>
<normalForm>Third</normalForm>
<attributes itemClass="oracle.dbtools.crest.model.design.logical.Attribute">
<Attribute name="ol_qtyordered" id="5AE24D2A-B30B-3B48-284E-4FC89F40AF12">
<createdBy>86195</createdBy>
<createdTime>2022-04-05 10:50:04 UTC</createdTime>
<commentInRDBMS><![CDATA[orderline quantity]]></commentInRDBMS>
<ownerDesignName>cust_orders</ownerDesignName>
<engineerTo>
<item key="B3A254AB-DD55-C78F-3978-F8BEA07AC373" value="true"/>
</engineerTo>
<useDomainConstraints>false</useDomainConstraints>
<use>1</use>
<logicalDatatype>LOGDT019</logicalDatatype>
<dataTypePrecision>7</dataTypePrecision>
<ownDataTypeParameters>,7,</ownDataTypeParameters>
</Attribute>
<Attribute name="order_no" id="57CB2B7B-8899-F66F-23C1-B07FE705F023">
<createdBy>86195</createdBy>
<createdTime>2022-04-05 11:20:41 UTC</createdTime>
<commentInRDBMS><![CDATA[order number]]></commentInRDBMS>
<generatorID>3F15EEC7-2684-3C9C-8E8B-2211C1C59D5B</generatorID>
<ownerDesignName>cust_orders</ownerDesignName>
<engineerTo>
<item key="B3A254AB-DD55-C78F-3978-F8BEA07AC373" value="true"/>
</engineerTo>
<referedAttribute>AED05CFA-8A09-868D-D450-EDDCB50A251B</referedAttribute>
<useDomainConstraints>false</useDomainConstraints>
<use>1</use>
<logicalDatatype>LOGDT019</logicalDatatype>
<dataTypePrecision>7</dataTypePrecision>
<ownDataTypeParameters>,,</ownDataTypeParameters>
</Attribute>
<Attribute name="prod_no" id="0686FDE7-6270-8404-83DB-9092C520039D">
<createdBy>86195</createdBy>
<createdTime>2022-04-05 11:25:38 UTC</createdTime>
<commentInRDBMS><![CDATA[product number]]></commentInRDBMS>
<generatorID>0E793593-4DD8-5F26-C8B7-FBE8881A9600</generatorID>
<ownerDesignName>cust_orders</ownerDesignName>
<engineerTo>
<item key="B3A254AB-DD55-C78F-3978-F8BEA07AC373" value="true"/>
</engineerTo>
<referedAttribute>682DC48E-1DEE-B1E3-B3FD-3A4C4F4489A6</referedAttribute>
<useDomainConstraints>false</useDomainConstraints>
<use>1</use>
<logicalDatatype>LOGDT019</logicalDatatype>
<dataTypePrecision>7</dataTypePrecision>
<ownDataTypeParameters>,,</ownDataTypeParameters>
</Attribute>
<Attribute name="ol_price" id="8285BBDE-2F85-3B0F-8ABF-08A0DCF75672">
<createdBy>86195</createdBy>
<createdTime>2022-04-05 11:26:32 UTC</createdTime>
<ownerDesignName>cust_orders</ownerDesignName>
<engineerTo>
<item key="B3A254AB-DD55-C78F-3978-F8BEA07AC373" value="true"/>
</engineerTo>
<useDomainConstraints>false</useDomainConstraints>
<use>1</use>
<logicalDatatype>LOGDT019</logicalDatatype>
<ownDataTypeParameters>,,</ownDataTypeParameters>
</Attribute>
<Attribute name="orderline_id" id="566CE23E-623B-950D-9B32-DE83F4C2A384">
<createdBy>86195</createdBy>
<createdTime>2022-04-05 11:30:31 UTC</createdTime>
<commentInRDBMS><![CDATA[surrogate key]]></commentInRDBMS>
<ownerDesignName>cust_orders</ownerDesignName>
<engineerTo>
<item key="B3A254AB-DD55-C78F-3978-F8BEA07AC373" value="true"/>
</engineerTo>
<useDomainConstraints>false</useDomainConstraints>
<use>1</use>
<logicalDatatype>LOGDT019</logicalDatatype>
<dataTypePrecision>7</dataTypePrecision>
<ownDataTypeParameters>,7,</ownDataTypeParameters>
</Attribute>
</attributes>
<identifiers itemClass="oracle.dbtools.crest.model.design.logical.CandidateKey">
<identifier id="0795883C-6E35-1E27-0AA1-138DE582A921" name="CUSTOMER PK">
<createdBy>86195</createdBy>
<createdTime>2022-04-05 10:49:34 UTC</createdTime>
<ownerDesignName>cust_orders</ownerDesignName>
<engineerTo>
<item key="B3A254AB-DD55-C78F-3978-F8BEA07AC373" value="true"/>
</engineerTo>
<pk>true</pk>
<usedAttributes>
<attributeRef>566CE23E-623B-950D-9B32-DE83F4C2A384</attributeRef>
</usedAttributes>
</identifier>
</identifiers>
</Entity>
