<?xml version = '1.0' encoding = 'UTF-8'?>
<Entity class="oracle.dbtools.crest.model.design.logical.Entity" directorySegmentName="seg_0" id="6496B89F-500B-9AF5-C331-3DE94FBB151A" name="PRODUCT">
<createdBy>86195</createdBy>
<createdTime>2022-04-05 10:54:03 UTC</createdTime>
<ownerDesignName>cust_orders</ownerDesignName>
<engineerTo>
<item key="B3A254AB-DD55-C78F-3978-F8BEA07AC373" value="true"/>
</engineerTo>
<adequatelyNormalized>NO</adequatelyNormalized>
<expectedVolumes>0</expectedVolumes>
<fwdEngineeringStrategyName>Single Table</fwdEngineeringStrategyName>
<growthPercent>0</growthPercent>
<growthType>Year</growthType>
<maxVolumes>9999999</maxVolumes>
<minVolumes>0</minVolumes>
<normalForm>Third</normalForm>
<attributes itemClass="oracle.dbtools.crest.model.design.logical.Attribute">
<Attribute name="prod_no" id="682DC48E-1DEE-B1E3-B3FD-3A4C4F4489A6">
<createdBy>86195</createdBy>
<createdTime>2022-04-05 10:54:03 UTC</createdTime>
<commentInRDBMS><![CDATA[product number]]></commentInRDBMS>
<ownerDesignName>cust_orders</ownerDesignName>
<engineerTo>
<item key="B3A254AB-DD55-C78F-3978-F8BEA07AC373" value="true"/>
</engineerTo>
<useDomainConstraints>false</useDomainConstraints>
<use>1</use>
<logicalDatatype>LOGDT019</logicalDatatype>
<dataTypePrecision>7</dataTypePrecision>
<ownDataTypeParameters>,7,</ownDataTypeParameters>
</Attribute>
<Attribute name="prod_desc" id="3A6498F3-4AE0-5FEA-613D-4C73C391F07C">
<createdBy>86195</createdBy>
<createdTime>2022-04-05 10:54:03 UTC</createdTime>
<commentInRDBMS><![CDATA[product description]]></commentInRDBMS>
<ownerDesignName>cust_orders</ownerDesignName>
<engineerTo>
<item key="B3A254AB-DD55-C78F-3978-F8BEA07AC373" value="true"/>
</engineerTo>
<useDomainConstraints>false</useDomainConstraints>
<use>1</use>
<logicalDatatype>LOGDT024</logicalDatatype>
<dataTypeSize>50</dataTypeSize>
<ownDataTypeParameters>50,,</ownDataTypeParameters>
</Attribute>
<Attribute name="prod_unitprice" id="F1499B34-FD4A-5554-BD0D-3273F60173D4">
<createdBy>86195</createdBy>
<createdTime>2022-04-05 10:54:03 UTC</createdTime>
<ownerDesignName>cust_orders</ownerDesignName>
<engineerTo>
<item key="B3A254AB-DD55-C78F-3978-F8BEA07AC373" value="true"/>
</engineerTo>
<useDomainConstraints>false</useDomainConstraints>
<use>1</use>
<logicalDatatype>LOGDT019</logicalDatatype>
<dataTypePrecision>7</dataTypePrecision>
<dataTypeScale>2</dataTypeScale>
<ownDataTypeParameters>,7,2</ownDataTypeParameters>
</Attribute>
<Attribute name="pcat_id" id="BEAA7AC4-FCB0-71F9-1580-AC8942DEF397">
<createdBy>86195</createdBy>
<createdTime>2022-04-05 11:20:02 UTC</createdTime>
<generatorID>350871E8-CE90-D3DC-4C2F-89FD19226F40</generatorID>
<ownerDesignName>cust_orders</ownerDesignName>
<engineerTo>
<item key="B3A254AB-DD55-C78F-3978-F8BEA07AC373" value="true"/>
</engineerTo>
<referedAttribute>4DBDB770-3C49-9E71-C270-A596FC735D84</referedAttribute>
<useDomainConstraints>false</useDomainConstraints>
<use>1</use>
<logicalDatatype>LOGDT019</logicalDatatype>
<ownDataTypeParameters>,,</ownDataTypeParameters>
</Attribute>
</attributes>
<identifiers itemClass="oracle.dbtools.crest.model.design.logical.CandidateKey">
<identifier id="8A36B72C-91F0-2C65-533D-C7C7D5E8A745" name="CUSTOMER PK">
<createdBy>86195</createdBy>
<createdTime>2022-04-05 10:54:03 UTC</createdTime>
<ownerDesignName>cust_orders</ownerDesignName>
<engineerTo>
<item key="B3A254AB-DD55-C78F-3978-F8BEA07AC373" value="true"/>
</engineerTo>
<pk>true</pk>
<usedAttributes>
<attributeRef>682DC48E-1DEE-B1E3-B3FD-3A4C4F4489A6</attributeRef>
</usedAttributes>
</identifier>
</identifiers>
</Entity>
