<?xml version = '1.0' encoding = 'UTF-8'?>
<Entity class="oracle.dbtools.crest.model.design.logical.Entity" directorySegmentName="seg_0" id="76EE4A69-FC3F-CD25-7977-F62ADDB769EB" name="PROD_CATEGORY">
<createdBy>86195</createdBy>
<createdTime>2022-04-05 10:56:27 UTC</createdTime>
<ownerDesignName>cust_orders</ownerDesignName>
<engineerTo>
<item key="B3A254AB-DD55-C78F-3978-F8BEA07AC373" value="true"/>
</engineerTo>
<adequatelyNormalized>NO</adequatelyNormalized>
<expectedVolumes>0</expectedVolumes>
<fwdEngineeringStrategyName>Single Table</fwdEngineeringStrategyName>
<growthPercent>0</growthPercent>
<growthType>Year</growthType>
<maxVolumes>9999999</maxVolumes>
<minVolumes>0</minVolumes>
<normalForm>Third</normalForm>
<attributes itemClass="oracle.dbtools.crest.model.design.logical.Attribute">
<Attribute name="pcat_id" id="4DBDB770-3C49-9E71-C270-A596FC735D84">
<createdBy>86195</createdBy>
<createdTime>2022-04-05 11:05:04 UTC</createdTime>
<ownerDesignName>cust_orders</ownerDesignName>
<engineerTo>
<item key="B3A254AB-DD55-C78F-3978-F8BEA07AC373" value="true"/>
</engineerTo>
<useDomainConstraints>false</useDomainConstraints>
<use>1</use>
<logicalDatatype>LOGDT019</logicalDatatype>
<ownDataTypeParameters>,,</ownDataTypeParameters>
</Attribute>
<Attribute name="pcat_name" id="77062715-33C8-BE9F-2B20-1E05D80BF832">
<createdBy>86195</createdBy>
<createdTime>2022-04-05 11:05:19 UTC</createdTime>
<ownerDesignName>cust_orders</ownerDesignName>
<engineerTo>
<item key="B3A254AB-DD55-C78F-3978-F8BEA07AC373" value="true"/>
</engineerTo>
<useDomainConstraints>false</useDomainConstraints>
<use>1</use>
<logicalDatatype>LOGDT025</logicalDatatype>
<ownDataTypeParameters>,,</ownDataTypeParameters>
</Attribute>
</attributes>
<identifiers itemClass="oracle.dbtools.crest.model.design.logical.CandidateKey">
<identifier id="9186561F-BB99-40A9-8DCB-3A8944EC5A38" name="CUSTOMER PK">
<createdBy>86195</createdBy>
<createdTime>2022-04-05 10:56:27 UTC</createdTime>
<ownerDesignName>cust_orders</ownerDesignName>
<engineerTo>
<item key="B3A254AB-DD55-C78F-3978-F8BEA07AC373" value="true"/>
</engineerTo>
<pk>true</pk>
<usedAttributes>
<attributeRef>4DBDB770-3C49-9E71-C270-A596FC735D84</attributeRef>
</usedAttributes>
</identifier>
</identifiers>
</Entity>
