<?xml version = '1.0' encoding = 'UTF-8'?>
<Entity class="oracle.dbtools.crest.model.design.logical.Entity" directorySegmentName="seg_0" id="D0C5058B-0B61-13BA-9340-DD5563EC4924" name="CUSTOMER">
<createdBy>86195</createdBy>
<createdTime>2022-04-05 10:25:05 UTC</createdTime>
<ownerDesignName>cust_orders</ownerDesignName>
<engineerTo>
<item key="B3A254AB-DD55-C78F-3978-F8BEA07AC373" value="true"/>
</engineerTo>
<adequatelyNormalized>NO</adequatelyNormalized>
<expectedVolumes>0</expectedVolumes>
<fwdEngineeringStrategyName>Single Table</fwdEngineeringStrategyName>
<growthPercent>0</growthPercent>
<growthType>Year</growthType>
<maxVolumes>9999999</maxVolumes>
<minVolumes>0</minVolumes>
<normalForm>Third</normalForm>
<attributes itemClass="oracle.dbtools.crest.model.design.logical.Attribute">
<Attribute name="cust_no" id="36AB57D1-F297-BBCC-6B3D-89A1780BB53F">
<createdBy>86195</createdBy>
<createdTime>2022-04-05 10:25:31 UTC</createdTime>
<commentInRDBMS><![CDATA[customer number]]></commentInRDBMS>
<ownerDesignName>cust_orders</ownerDesignName>
<engineerTo>
<item key="B3A254AB-DD55-C78F-3978-F8BEA07AC373" value="true"/>
</engineerTo>
<useDomainConstraints>false</useDomainConstraints>
<use>1</use>
<logicalDatatype>LOGDT019</logicalDatatype>
<dataTypePrecision>7</dataTypePrecision>
<ownDataTypeParameters>,7,</ownDataTypeParameters>
</Attribute>
<Attribute name="cust_name" id="A6DD0DAA-F67D-211B-5684-FE0D9920132B">
<createdBy>86195</createdBy>
<createdTime>2022-04-05 10:25:32 UTC</createdTime>
<commentInRDBMS><![CDATA[customer name]]></commentInRDBMS>
<ownerDesignName>cust_orders</ownerDesignName>
<engineerTo>
<item key="B3A254AB-DD55-C78F-3978-F8BEA07AC373" value="true"/>
</engineerTo>
<useDomainConstraints>false</useDomainConstraints>
<use>1</use>
<logicalDatatype>LOGDT024</logicalDatatype>
<dataTypeSize>50</dataTypeSize>
<ownDataTypeParameters>50,,</ownDataTypeParameters>
</Attribute>
<Attribute name="cust_address" id="9D506AF7-9890-5F8E-36C4-45E9C428477C">
<createdBy>86195</createdBy>
<createdTime>2022-04-05 10:25:33 UTC</createdTime>
<commentInRDBMS><![CDATA[customer address]]></commentInRDBMS>
<ownerDesignName>cust_orders</ownerDesignName>
<engineerTo>
<item key="B3A254AB-DD55-C78F-3978-F8BEA07AC373" value="true"/>
</engineerTo>
<useDomainConstraints>false</useDomainConstraints>
<use>1</use>
<logicalDatatype>LOGDT024</logicalDatatype>
<dataTypeSize>50</dataTypeSize>
<ownDataTypeParameters>50,,</ownDataTypeParameters>
</Attribute>
<Attribute name="cust_phone" id="EC98B468-4453-B5E9-409B-F97AC59CF7AF">
<createdBy>86195</createdBy>
<createdTime>2022-04-05 10:25:33 UTC</createdTime>
<commentInRDBMS><![CDATA[customer phone]]></commentInRDBMS>
<ownerDesignName>cust_orders</ownerDesignName>
<engineerTo>
<item key="B3A254AB-DD55-C78F-3978-F8BEA07AC373" value="true"/>
</engineerTo>
<nullsAllowed>true</nullsAllowed>
<useDomainConstraints>false</useDomainConstraints>
<use>1</use>
<logicalDatatype>LOGDT025</logicalDatatype>
<dataTypeSize>10</dataTypeSize>
<ownDataTypeParameters>10,,</ownDataTypeParameters>
</Attribute>
<Attribute name="cust_level" id="575A9804-0F1E-A426-A2DE-E0FD5EF87EAD">
<createdBy>86195</createdBy>
<createdTime>2022-04-05 10:25:34 UTC</createdTime>
<commentInRDBMS><![CDATA[customer level G Gold B ]]></commentInRDBMS>
<ownerDesignName>cust_orders</ownerDesignName>
<engineerTo>
<item key="B3A254AB-DD55-C78F-3978-F8BEA07AC373" value="true"/>
</engineerTo>
<constraintName>chk</constraintName>
<useDomainConstraints>false</useDomainConstraints>
<use>1</use>
<logicalDatatype>LOGDT025</logicalDatatype>
<dataTypeSize>1</dataTypeSize>
<listOfValues>
<valueDef value="B" description="Browsw"/>
<valueDef value="C" description="Credit"/>
<valueDef value="G" description="Gold"/>
</listOfValues>
<ownDataTypeParameters>1,,</ownDataTypeParameters>
</Attribute>
</attributes>
<identifiers itemClass="oracle.dbtools.crest.model.design.logical.CandidateKey">
<identifier id="3426745A-04B3-B64A-711F-2CC3DCC0CC28" name="CUSTOMER PK">
<createdBy>86195</createdBy>
<createdTime>2022-04-05 10:28:20 UTC</createdTime>
<ownerDesignName>cust_orders</ownerDesignName>
<engineerTo>
<item key="B3A254AB-DD55-C78F-3978-F8BEA07AC373" value="true"/>
</engineerTo>
<pk>true</pk>
<usedAttributes>
<attributeRef>36AB57D1-F297-BBCC-6B3D-89A1780BB53F</attributeRef>
</usedAttributes>
</identifier>
</identifiers>
</Entity>
