<?xml version = '1.0' encoding = 'UTF-8'?>
<Entity class="oracle.dbtools.crest.model.design.logical.Entity" directorySegmentName="seg_0" id="E342768E-8BC5-DB16-9D68-4C8D6AB357B1" name="ORDERS">
<createdBy>86195</createdBy>
<createdTime>2022-04-05 10:46:51 UTC</createdTime>
<ownerDesignName>cust_orders</ownerDesignName>
<engineerTo>
<item key="B3A254AB-DD55-C78F-3978-F8BEA07AC373" value="true"/>
</engineerTo>
<adequatelyNormalized>NO</adequatelyNormalized>
<expectedVolumes>0</expectedVolumes>
<fwdEngineeringStrategyName>Single Table</fwdEngineeringStrategyName>
<growthPercent>0</growthPercent>
<growthType>Year</growthType>
<maxVolumes>9999999</maxVolumes>
<minVolumes>0</minVolumes>
<normalForm>Third</normalForm>
<attributes itemClass="oracle.dbtools.crest.model.design.logical.Attribute">
<Attribute name="order_no" id="AED05CFA-8A09-868D-D450-EDDCB50A251B">
<createdBy>86195</createdBy>
<createdTime>2022-04-05 10:47:36 UTC</createdTime>
<commentInRDBMS><![CDATA[order number]]></commentInRDBMS>
<ownerDesignName>cust_orders</ownerDesignName>
<engineerTo>
<item key="B3A254AB-DD55-C78F-3978-F8BEA07AC373" value="true"/>
</engineerTo>
<useDomainConstraints>false</useDomainConstraints>
<use>1</use>
<logicalDatatype>LOGDT019</logicalDatatype>
<dataTypePrecision>7</dataTypePrecision>
<ownDataTypeParameters>,7,</ownDataTypeParameters>
</Attribute>
<Attribute name="order_date" id="DC552D36-FAE2-6E1F-2856-A68C69B0EFFA">
<createdBy>86195</createdBy>
<createdTime>2022-04-05 10:47:33 UTC</createdTime>
<commentInRDBMS><![CDATA[order date]]></commentInRDBMS>
<ownerDesignName>cust_orders</ownerDesignName>
<engineerTo>
<item key="B3A254AB-DD55-C78F-3978-F8BEA07AC373" value="true"/>
</engineerTo>
<useDomainConstraints>false</useDomainConstraints>
<use>1</use>
<logicalDatatype>LOGDT007</logicalDatatype>
<ownDataTypeParameters>,,</ownDataTypeParameters>
</Attribute>
<Attribute name="cust_no" id="647F6DD5-34CB-C53C-6653-09D20AE6057A">
<createdBy>86195</createdBy>
<createdTime>2022-04-05 11:03:19 UTC</createdTime>
<commentInRDBMS><![CDATA[customer number]]></commentInRDBMS>
<generatorID>0CDE4277-72D5-1B67-13F1-1D95A75B990F</generatorID>
<ownerDesignName>cust_orders</ownerDesignName>
<engineerTo>
<item key="B3A254AB-DD55-C78F-3978-F8BEA07AC373" value="true"/>
</engineerTo>
<referedAttribute>36AB57D1-F297-BBCC-6B3D-89A1780BB53F</referedAttribute>
<useDomainConstraints>false</useDomainConstraints>
<use>1</use>
<logicalDatatype>LOGDT019</logicalDatatype>
<dataTypePrecision>7</dataTypePrecision>
<ownDataTypeParameters>,,</ownDataTypeParameters>
</Attribute>
</attributes>
<identifiers itemClass="oracle.dbtools.crest.model.design.logical.CandidateKey">
<identifier id="EBE62308-AB3E-34EB-FDF6-BE229307A4CD" name="CUSTOMER PK">
<createdBy>86195</createdBy>
<createdTime>2022-04-05 10:46:51 UTC</createdTime>
<ownerDesignName>cust_orders</ownerDesignName>
<engineerTo>
<item key="B3A254AB-DD55-C78F-3978-F8BEA07AC373" value="true"/>
</engineerTo>
<pk>true</pk>
<usedAttributes>
<attributeRef>AED05CFA-8A09-868D-D450-EDDCB50A251B</attributeRef>
</usedAttributes>
</identifier>
</identifiers>
</Entity>
