<?xml version = '1.0' encoding = 'UTF-8'?>
<Diagram class="oracle.dbtools.crest.swingui.logical.DPVLogical" name="Logical" id="DC085002-891A-60FD-7428-5649AB6E0CD5">
<createdBy>sgon0010</createdBy>
<modifiedBy>sgon0010</modifiedBy>
<createdTime>2022-04-05 10:23:43 UTC</createdTime>
<autoRoute>false</autoRoute>
<boxInbox>true</boxInbox>
<showLegend>true</showLegend>
<showLabels>true</showLabels>
<showRelAttributes>false</showRelAttributes>
<gridEnabled>false</gridEnabled>
<showGrid>false</showGrid>
<diagramColor>-1</diagramColor>
<legendPosX>405</legendPosX>
<legendPosY>0</legendPosY>
<display>false</display>
<notation>2</notation>
<showAllDetails>false</showAllDetails>
<showElements>true</showElements>
<objectViews>
<OView class="oracle.dbtools.crest.swingui.logical.TVEntity" oid="60694C61-F482-6F6C-DEC4-869F1471E744" otype="Entity" vid="606A7AC5-9F64-87D3-953F-D125C2D9AA90">
<hideElementsInCurrentOnly>false</hideElementsInCurrentOnly>
<bounds x="206" y="179" width="120" height="98"/>
</OView>
<OView class="oracle.dbtools.crest.swingui.TVLegend" oid="63AF8EEB-479D-7916-D1FD-07C93B7791B4" otype="Legend" vid="97986C13-FD5D-A44A-9724-96187D9625B7">
<hideElementsInCurrentOnly>false</hideElementsInCurrentOnly>
<bounds x="405" y="0" width="232" height="135"/>
</OView>
<OView class="oracle.dbtools.crest.swingui.logical.TVEntity" oid="6496B89F-500B-9AF5-C331-3DE94FBB151A" otype="Entity" vid="68D886DE-71CB-A8C2-07E3-761581ADF626">
<hideElementsInCurrentOnly>false</hideElementsInCurrentOnly>
<bounds x="405" y="184" width="120" height="89"/>
</OView>
<OView class="oracle.dbtools.crest.swingui.logical.TVEntity" oid="76EE4A69-FC3F-CD25-7977-F62ADDB769EB" otype="Entity" vid="3F2724B1-CE4D-1642-630E-7F1D65046C87">
<hideElementsInCurrentOnly>false</hideElementsInCurrentOnly>
<bounds x="396" y="355" width="120" height="89"/>
</OView>
<OView class="oracle.dbtools.crest.swingui.logical.TVEntity" oid="D0C5058B-0B61-13BA-9340-DD5563EC4924" otype="Entity" vid="005C8368-CFB4-34BD-B3F7-D7F78DF38A5F">
<hideElementsInCurrentOnly>false</hideElementsInCurrentOnly>
<bounds x="19" y="11" width="120" height="100"/>
</OView>
<OView class="oracle.dbtools.crest.swingui.logical.TVEntity" oid="E342768E-8BC5-DB16-9D68-4C8D6AB357B1" otype="Entity" vid="FA1FCA42-152A-65B8-F64A-BC50811EC3AB">
<hideElementsInCurrentOnly>false</hideElementsInCurrentOnly>
<bounds x="20" y="190" width="120" height="76"/>
</OView>
</objectViews>
<connectors>
<Connector class="oracle.dbtools.crest.swingui.logical.TVRelation" oid="0CDE4277-72D5-1B67-13F1-1D95A75B990F" otype="Relation" vid_source="005C8368-CFB4-34BD-B3F7-D7F78DF38A5F" vid_target="FA1FCA42-152A-65B8-F64A-BC50811EC3AB">
<hideElementsInCurrentOnly>false</hideElementsInCurrentOnly>
<backgroundColor>-16777216</backgroundColor>
<lineWidth>1</lineWidth>
<sourceLabel class="oracle.dbtools.crest.model.design.Label">
<site>0</site>
<labelBounds x="79" y="147" width="46" height="30"/>
<noBackgroundColor>true</noBackgroundColor>
<noForegroundColor>true</noForegroundColor>
</sourceLabel>
<targetLabel class="oracle.dbtools.crest.model.design.Label">
<site>2</site>
<labelBounds x="79" y="154" width="18" height="30"/>
<noBackgroundColor>true</noBackgroundColor>
<noForegroundColor>true</noForegroundColor>
</targetLabel>
<points>
<point x="79" y="111"/>
<point x="79" y="190"/>
</points>
</Connector>
<Connector class="oracle.dbtools.crest.swingui.logical.TVRelation" oid="0E793593-4DD8-5F26-C8B7-FBE8881A9600" otype="Relation" vid_source="68D886DE-71CB-A8C2-07E3-761581ADF626" vid_target="606A7AC5-9F64-87D3-953F-D125C2D9AA90">
<hideElementsInCurrentOnly>false</hideElementsInCurrentOnly>
<backgroundColor>-16777216</backgroundColor>
<lineWidth>1</lineWidth>
<sourceLabel class="oracle.dbtools.crest.model.design.Label">
<site>0</site>
<labelBounds x="340" y="167" width="59" height="31"/>
<noBackgroundColor>true</noBackgroundColor>
<noForegroundColor>true</noForegroundColor>
</sourceLabel>
<targetLabel class="oracle.dbtools.crest.model.design.Label">
<site>2</site>
<labelBounds x="336" y="201" width="18" height="30"/>
<noBackgroundColor>true</noBackgroundColor>
<noForegroundColor>true</noForegroundColor>
</targetLabel>
<points>
<point x="405" y="198"/>
<point x="326" y="198"/>
</points>
</Connector>
<Connector class="oracle.dbtools.crest.swingui.logical.TVRelation" oid="350871E8-CE90-D3DC-4C2F-89FD19226F40" otype="Relation" vid_source="3F2724B1-CE4D-1642-630E-7F1D65046C87" vid_target="68D886DE-71CB-A8C2-07E3-761581ADF626">
<hideElementsInCurrentOnly>false</hideElementsInCurrentOnly>
<backgroundColor>-16777216</backgroundColor>
<lineWidth>1</lineWidth>
<sourceLabel class="oracle.dbtools.crest.model.design.Label">
<site>0</site>
<labelBounds x="460" y="319" width="68" height="30"/>
<noBackgroundColor>true</noBackgroundColor>
<noForegroundColor>true</noForegroundColor>
</sourceLabel>
<targetLabel class="oracle.dbtools.crest.model.design.Label">
<site>2</site>
<labelBounds x="460" y="309" width="18" height="30"/>
<noBackgroundColor>true</noBackgroundColor>
<noForegroundColor>true</noForegroundColor>
</targetLabel>
<points>
<point x="460" y="355"/>
<point x="460" y="273"/>
</points>
</Connector>
<Connector class="oracle.dbtools.crest.swingui.logical.TVRelation" oid="3F15EEC7-2684-3C9C-8E8B-2211C1C59D5B" otype="Relation" vid_source="FA1FCA42-152A-65B8-F64A-BC50811EC3AB" vid_target="606A7AC5-9F64-87D3-953F-D125C2D9AA90">
<hideElementsInCurrentOnly>false</hideElementsInCurrentOnly>
<backgroundColor>-16777216</backgroundColor>
<lineWidth>1</lineWidth>
<sourceLabel class="oracle.dbtools.crest.model.design.Label">
<site>0</site>
<labelBounds x="150" y="198" width="55" height="30"/>
<noBackgroundColor>true</noBackgroundColor>
<noForegroundColor>true</noForegroundColor>
</sourceLabel>
<targetLabel class="oracle.dbtools.crest.model.design.Label">
<site>2</site>
<labelBounds x="182" y="231" width="18" height="30"/>
<noBackgroundColor>true</noBackgroundColor>
<noForegroundColor>true</noForegroundColor>
</targetLabel>
<points>
<point x="140" y="228"/>
<point x="206" y="228"/>
</points>
</Connector>
</connectors>
</Diagram>
